"SKU","Product","Package ID","Status","Category","Tags","Batch","Strain","Vendor","Room","Available","Current price","Unit price (Inventory)","Price (Catalog)","Location price (Catalog)","External package ID","Testing status","Testing status text","Is finished in METRC","Inventory date","Expiration date","Packaging date","Date of manufacture","Available for","Unit","Master category","Type","Flower equiv","Alternate description","Is cannabis","Is coupon","Is additive","Is available online","Is POS available","Is Retired","Is on sale","Taxable","Brand","Online title","Online Description","Image URL","External category","Net weight","Gross weight","Instructions","Allergens","Ingredients","Days supply","Product size","Package NDC","Allocated quantity","Quantity (including allocated)","SubRoom name","Harvest date","Producer","On hold","Last audited date","THC","THCA","THC-D9","CBD","CBDA","CBN","Calculated THC (mg)","Cost","Recalled"
06401060,Rove I Ice Packs Rosin I Infused I OG Kush I 2pk,1A40A030000639D000067276,,Pre-Rolls,,1A40A030000639D000067276,OG Kush,AMA Holdings LLC,Sales Floor - For Sale,20 g,16,16,16,,1A40A030000639D000067276,TestPassed,,false,11/19/2025,,11/19/2025,11/19/2025,All enabled customer types,g,Flower,Qty,1.92g,,Yes,No,false,Yes,Yes,No,false,Yes,Rove,,,,,,20,,,,,,,,20,,,,false,,,,,,,,,8,false
08455423,Rove | Live Resin | Cherry Cake | 1g,1A40A030000639D000067275,,Cartridge 1000mg,,1A40A030000639D000067275,Cherry Cake,AMA Holdings LLC,Sales Floor - For Sale,20,45,45,45,,1A40A030000639D000067275,TestPassed,,false,11/19/2025,,11/19/2025,11/19/2025,All enabled customer types,qty,Vaporizer,Qty,,,Yes,No,false,Yes,Yes,No,false,Yes,Rove,,,,,,0,,,,,,,,20,,,,false,,,,,,,,,22.5,false
22697114,Rove | Ice Packs Infused Preroll 2pk | Banana Pie | 1g,1A40A030000639D000067277,,2 Pack - Infused Prerolls,,1A40A030000639D000067277,Banana Pie,AMA Holdings LLC,Sales Floor - For Sale,20,16,16,16,,1A40A030000639D000067277,TestPassed,,false,11/19/2025,,11/19/2025,11/19/2025,All enabled customer types,qty,Flower,Qty,,,Yes,No,false,Yes,Yes,No,false,Yes,Rove,,,,,,0,,,,,,,,20,,,,false,,,,,,,,,8,false
29125453,Rove | Cartridge | Dream | 1g,1A40A030000639D000067273,,Cartridge 1000mg,,1A40A030000639D000067273,Dream,AMA Holdings LLC,Sales Floor - For Sale,9,35,35,35,,1A40A030000639D000067273,TestPassed,,false,11/19/2025,,11/19/2025,11/19/2025,All enabled customer types,qty,Vaporizer,Qty,,,Yes,No,false,Yes,Yes,No,false,Yes,Rove,,,,,,0,,,,,,,,9,,,,false,,,,,,,,,15,false
00219870,Rove | Cartridge | Kush | 1g,1A40A030000639D000067272,,Cartridge 1000mg,,1A40A030000639D000067272,kush,AMA Holdings LLC,Sales Floor - For Sale,10,35,35,35,,1A40A030000639D000067272,TestPassed,,false,11/19/2025,,11/19/2025,11/19/2025,All enabled customer types,qty,Vaporizer,Qty,,,Yes,No,false,Yes,Yes,No,false,Yes,Rove,,,,,,0,,,,,,,,10,,,,false,,,,,,,,,15,false
72755008,Rove I Grand Daddy Purp I RTU I Live Resin I 1g Vape,1A40A030000639D000067270,,Cartridge 1000mg,,1A40A030000639D000067270,Grand Daddy Purp,AMA Holdings LLC,Sales Floor - For Sale,9,60,60,60,,1A40A030000639D000067270,TestPassed,,false,11/19/2025,,11/19/2025,11/19/2025,All enabled customer types,qty,Vaporizer,Qty,,,Yes,No,false,Yes,Yes,No,false,Yes,Rove,,,,,,0,,,,,,,,9,,,,false,,,,,,,,,30,false
40363760,Rove | Ice Packs Infused Preroll | Purple Trainwreck | 1g,1A40A030000639D000067278,,1g - Infused - Prerolls,,1A40A030000639D000067278,Purple Trainwreck,AMA Holdings LLC,Sales Floor - For Sale,10,24,24,24,,1A40A030000639D000067278,TestPassed,,false,11/19/2025,,11/19/2025,11/19/2025,All enabled customer types,qty,Flower,Qty,2.61g,,Yes,No,false,Yes,Yes,No,false,Yes,Rove,,,,,,0,,,,,,,,10,,,,false,,,,,,,,,12,false
06241983,Rove | Cartridge | Tangie | 1g,1A40A030000639D000067274,,Cartridge 1000mg,,1A40A030000639D000067274,Tangie,AMA Holdings LLC,Sales Floor - For Sale,10,35,35,35,,1A40A030000639D000067274,TestPassed,,false,11/19/2025,,11/19/2025,11/19/2025,All enabled customer types,qty,Vaporizer,Qty,,,Yes,No,false,Yes,Yes,No,false,Yes,Rove,,,,,,0,,,,,,,,10,,,,false,,,,,,,,,15,false
34332754,Rove I Orange Crush I RTU I Live Resin I 1g Vape,1A40A030000639D000067271,,Cartridge 1000mg,,1A40A030000639D000067271,Orange Crush,AMA Holdings LLC,Sales Floor - For Sale,10,60,60,60,,1A40A030000639D000067271,TestPassed,,false,11/19/2025,,11/19/2025,11/19/2025,All enabled customer types,qty,Vaporizer,Qty,,,Yes,No,false,Yes,Yes,No,false,Yes,Rove,,,,,,0,,,,,,,,10,,,,false,,,,,,,,,30,false
26106168,Cape Cod - Beach Cooler - Smalls - 3.5g,1A40A030000C9F5000002760,Ready,Flower,,1A40A030000C9F5000002760,Beach Cooler,"Cape Cod Grow Lab, LLC",Sales Floor - For Sale,38,20,8.5,20,,1A40A030000C9F5000002760,TestPassed,,,11/7/2025,,11/7/2025,11/7/2025,All enabled customer types,qty,Flower,Qty,3.5g,,Yes,No,false,Yes,Yes,No,false,Yes,Alchemy,,,,,,,,,,,,,,38,,,,false,,19.34 %,21.37 %,0.60 %,0.00 %,0.00 %,0.00 %,677,20,false
91024530,Cape Cod - Cape White Shark - Pre-roll - 1g,1A40A030000C60D000050651,Ready,Pre-Rolls,,1A40A030000C60D000050651,Cape White Shark,"Cape Cod Grow Lab, LLC",Sales Floor - For Sale,37,10,5,10,,1A40A030000C60D000050651,TestPassed,,,11/7/2025,,11/7/2025,11/7/2025,All enabled customer types,qty,Flower,Qty,1g,,Yes,No,false,Yes,Yes,No,false,Yes,Cape Cod,,,,,,,,,,,,,,37,,,,false,,22.99 %,24.63 %,1.39 %,0.00 %,0.00 %,0.00 %,229.9,10,false
40812232,Cape Cod - Cape White Shark - Pre-roll - 1g,1A40A030000C60D000050626,Ready,Pre-Rolls,,1A40A030000C60D000050626,Cape White Shark,"Cape Cod Grow Lab, LLC",Vault,50,10,5,10,,1A40A030000C60D000050626,TestPassed,,,11/7/2025,,11/7/2025,11/7/2025,All enabled customer types,qty,Flower,Qty,1g,,Yes,No,false,Yes,Yes,No,false,Yes,Cape Cod,,,,,,,,,,,,,,50,,,,false,,22.99 %,24.63 %,1.39 %,0.00 %,0.00 %,0.00 %,229.9,10,false
18961392,Cape Cod - Lions Breath - Pre-rolls - 1g,1A40A030000C60D000055126,Ready,Pre-Rolls,,1A40A030000C60D000055126,Lions Breath,"Cape Cod Grow Lab, LLC",Vault,50,10,5,10,,1A40A030000C60D000055126,TestPassed,,,11/7/2025,,11/7/2025,11/7/2025,All enabled customer types,qty,Flower,Qty,1g,,Yes,No,false,Yes,Yes,No,false,Yes,Cape Cod,,,,,,,,,,,,,,50,,,,false,,29.10 %,31.14 %,1.79 %,0.00 %,0.00 %,0.00 %,291,10,false
59873999,Cape Cod - Lions Breath - Pre-rolls - 1g,1A40A030000C60D000055065,Ready,Pre-Rolls,,1A40A030000C60D000055065,Lions Breath,"Cape Cod Grow Lab, LLC",Sales Floor - For Sale,21,10,5,10,,1A40A030000C60D000055065,TestPassed,,,11/7/2025,,11/7/2025,11/7/2025,All enabled customer types,qty,Flower,Qty,1g,,Yes,No,false,Yes,Yes,No,false,Yes,Cape Cod,,,,,,,,,,,,,,21,,,,false,,29.10 %,31.14 %,1.79 %,0.00 %,0.00 %,0.00 %,291,10,false
85457489,Cape Cod - Alien Marker - Pre-rolls - 1g,1A40A030000C60D000054979,Ready,Pre-Rolls,,1A40A030000C60D000054979,Alien Marker,"Cape Cod Grow Lab, LLC",Vault,50,10,5,10,,1A40A030000C60D000054979,TestPassed,,,11/7/2025,,11/7/2025,11/7/2025,All enabled customer types,qty,Flower,Qty,1g,,Yes,No,false,Yes,Yes,No,false,Yes,Cape Cod,,,,,,,,,,,,,,50,,,,false,,27.56 %,29.62 %,1.59 %,0.00 %,0.00 %,0.00 %,275.6,10,false
69260168,Cape Cod - Alien Marker - Pre-rolls - 1g,1A40A030000C60D000054955,Ready,Pre-Rolls,,1A40A030000C60D000054955,Alien Marker,"Cape Cod Grow Lab, LLC",Sales Floor - For Sale,42,10,5,10,,1A40A030000C60D000054955,TestPassed,,,11/7/2025,,11/7/2025,11/7/2025,All enabled customer types,qty,Flower,Qty,1g,,Yes,No,false,Yes,Yes,No,false,Yes,Cape Cod,,,,,,,,,,,,,,42,,,,false,,27.56 %,29.62 %,1.59 %,0.00 %,0.00 %,0.00 %,275.6,10,false
36851121,Cape Cod - Alien Marker - Flower - 3.5g,1A40A030000C9F5000002563,Ready,Flower,,1A40A030000C9F5000002563,Alien Marker,"Cape Cod Grow Lab, LLC",Sales Floor - For Sale,24,40,14.45,40,,1A40A030000C9F5000002563,TestPassed,,,11/7/2025,,11/7/2025,11/7/2025,All enabled customer types,qty,Flower,Qty,3.5g,,Yes,No,false,Yes,Yes,No,false,Yes,Cape Cod,,,,,,,,,,,,,,24,,,,false,,22.15 %,24.39 %,0.76 %,0.00 %,0.00 %,0.00 %,775.3,40,false
75817757,Cape Cod - Blue Andeze - Flower - 3.5g,1A40A030000C9F5000002714,Ready,Flower,,1A40A030000C9F5000002714,Blue Andeze,"Cape Cod Grow Lab, LLC",Sales Floor - For Sale,12,40,14.45,40,,1A40A030000C9F5000002714,TestPassed,,,11/7/2025,,11/7/2025,11/7/2025,All enabled customer types,qty,Flower,Qty,3.5g,,Yes,No,false,Yes,Yes,No,false,Yes,Cape Cod,,,,,,,,,,,,,,12,,,,false,,25.33 %,26.77 %,1.85 %,0.00 %,0.00 %,0.00 %,886.6,40,false
81146516,Cape Cod - Lions Breath - Flower - 3.5g,1A40A030000C9F5000002653,Ready,Flower,,1A40A030000C9F5000002653,Lions Breath,"Cape Cod Grow Lab, LLC",Sales Floor - For Sale,19,40,14.45,40,,1A40A030000C9F5000002653,TestPassed,,,11/7/2025,,11/7/2025,11/7/2025,All enabled customer types,qty,Flower,Qty,,,Yes,No,false,yes,Yes,No,false,Yes,Cape Cod,,,,,,,,,,,,,,19,,,,false,,28.73 %,31.38 %,1.21 %,0.00 %,0.00 %,0.00 %,1005.6,40,false
31689891,Cape Cod - Alien Marker - Smalls - 14g,1A40A030000C9F5000002748,Ready,Flower,,1A40A030000C9F5000002748,Alien Marker,"Cape Cod Grow Lab, LLC",Sales Floor - For Sale,12,65,26.12,65,,1A40A030000C9F5000002748,TestPassed,,,11/7/2025,,11/7/2025,11/7/2025,All enabled customer types,qty,Flower,Qty,14g,,Yes,No,false,Yes,Yes,No,false,Yes,Alchemy,,,,,,,,,,,,,,12,,,,false,,28.34 %,30.85 %,1.28 %,0.00 %,0.00 %,0.00 %,3967.6,65,false
35894689,Cape Cod - Alien Marker (BT) - Pre-rolls - 1g,1A40A030000C60D000055033,,Pre-Rolls,,1A40A030000C9F5000002770,Alien Marker,"Cape Cod Grow Lab, LLC",Vault,10,5,5,5,,1A40A030000C60D000055033,TestPassed,,,11/7/2025,,11/7/2025,11/7/2025,All enabled customer types,qty,Flower,Qty,1g,,Yes,No,false,no,Yes,No,false,Yes,Cape Cod,,,,,,,,,,,,,,10,,,,false,,27.56 %,29.62 %,1.59 %,0.00 %,0.00 %,0.00 %,275.6,1,false
52715134,Cape Cod - Lions Breath (BT) - Pre-rolls - 1g,1A40A030000C60D000055089,,Pre-Rolls,,1A40A030000C9F5000002769,Lions Breath,"Cape Cod Grow Lab, LLC",Vault,10,5,5,5,,1A40A030000C60D000055089,TestPassed,,,11/7/2025,,11/7/2025,11/7/2025,All enabled customer types,qty,Flower,Qty,1g,,Yes,No,false,no,Yes,No,false,Yes,Cape Cod,,,,,,,,,,,,,,10,,,,false,,29.10 %,31.14 %,1.79 %,0.00 %,0.00 %,0.00 %,291,10,false
15619009,Breathe Free I Guava Biscotti I 3.5g I Flower,1A40A030000BFCD000010911,,Flower,,1A40A030000BFCD000010911,Guava Biscotti,Cedar Roots LLC,Sales Floor - For Sale,15,45,45,45,,,TestPassed,,,11/6/2025,,11/6/2025,,All enabled customer types,qty,Flower,Qty,,,Yes,No,false,Yes,Yes,No,false,Yes,Breathe Free,,,https://leaflogixmedia.blob.core.windows.net/product-image/368e77a8-887a-40de-8688-b4d5148f736e.jpg,,,,,,,,,,,15,,,,false,,,,,,,,,22.5,false
48963446,Breathe Free I Guava Biscotti I 3.5g I Flower,1A40A030000BFCD000010910,,Flower,,1A40A030000BFCD000010910,Guava Biscotti,Cedar Roots LLC,Vault,25,45,,45,,,TestPassed,,,11/6/2025,,11/6/2025,,All enabled customer types,qty,Flower,Qty,,,Yes,No,false,Yes,Yes,No,false,Yes,Breathe Free,,,,,,,,,,,,,,25,,,,false,,,,,,,,,0,false
02312170,Breathe Free I Guava Biscotti I 3.5g I Flower,1A40A030000BFCD000011146,,Flower,,1A40A030000BFCD000011146,Guava Biscotti,Cedar Roots LLC,Sales Floor - For Sale,1,45,45,45,,1A40A030000BFCD000011146,TestPassed,,,11/6/2025,,11/6/2025,,All enabled customer types,qty,Flower,Qty,,,Yes,No,false,no,Yes,No,false,Yes,Breathe Free,,,https://leaflogixmedia.blob.core.windows.net/product-image/af037765-a403-4736-86c8-f4fca6ba0f37.jpg,,,,,,,,,,,1,,,,false,,26.88 %,29.78 %,0.76 %,0.00 %,0.00 %,0.00 %,940.8,22.5,false
27385283,Breathe Free I Chem D x Runtz I 1G Pre-roll,1A40A030000BFCD000011148,,Pre-Rolls-1g,,1A40A030000BFCD000011148,Chem D x Runtz,Cedar Roots LLC,Sales Floor - For Sale,40,10,10,10,,1A40A030000BFCD000011148,TestPassed,,false,11/6/2025,,11/6/2025,11/6/2025,All enabled customer types,qty,Flower,Qty,,,Yes,No,false,Yes,Yes,No,false,Yes,Breathe Free,,,,,,0,,,,,,,,40,,,,false,,20.27 %,22.49 %,0.55 %,0.00 %,0.00 %,0.00 %,202.7,5,false
13484682,Breathe Free I Haley's Comet I 1G Pre-roll,1A40A030000BFCD000010850,,Pre-Rolls-1g,,1A40A030000BFCD000010850,Haley's Comet,Cedar Roots LLC,Sales Floor - For Sale,33,10,10,10,,1A40A030000BFCD000010850,TestPassed,,,11/6/2025,,11/6/2025,11/6/2025,All enabled customer types,qty,Flower,Qty,1g,,Yes,No,false,Yes,Yes,No,false,Yes,Breathe Free,,,https://leaflogixmedia.blob.core.windows.net/product-image/e63859e7-7e1e-4396-8d06-b4bdad2f8ac2.jpg,,,,,,,,,,,33,,,,false,,25.50 %,28.37 %,0.63 %,0.00 %,0.00 %,0.00 %,255,5,false
63772808,Breathe Free | Haley's Comet | 3.5 Flower,1A40A030000BFCD000010800,,Flower,,1A40A030000BFCD000010800,Haley's Comet,Cedar Roots LLC,Sales Floor - For Sale,22,35,35,35,,1A40A030000BFCD000010800,TestPassed,,,11/6/2025,,11/6/2025,11/6/2025,All enabled customer types,qty,Flower,Qty,3.5g,,Yes,No,false,Yes,Yes,No,false,Yes,Breathe Free,,,https://leaflogixmedia.blob.core.windows.net/product-image/4e1abdd9-e1df-46ba-86e7-10414d1b35f8.jpg,,,,,,,,,,,22,,,,false,,21.04 %,23.29 %,0.62 %,0.00 %,0.00 %,0.00 %,736.4,17.5,false
52803139,Breathe Free I Red Taffy (BT) I 1G Pre-roll,1A40A030000BFCD000011147,,Pre-Rolls-1g,,1A40A030000BFCD000011147,No Strain,Cedar Roots LLC,Vault,14,5,10,5,,1A40A030000BFCD000011147,TestPassed,,false,11/6/2025,,11/6/2025,11/6/2025,All enabled customer types,qty,Flower,Qty,,,Yes,No,false,no,Yes,No,false,Yes,Breathe Free,,,,,,0,,,,,,,,14,,,,false,,21.62 %,23.44 %,1.06 %,0.00 %,0.00 %,0.00 %,216.2,0.01,false
63983081,Raw Classic King size,716165177357,,Rolling Papers,,,,Boston Whole Sale,Sales Floor - For Sale,49,3,3,3,,716165177357,,,,11/4/2025,,11/4/2025,,All enabled customer types,qty,Accessories,Qty,,,No,No,false,Yes,Yes,No,false,Yes,,,,,,,,,,,,,,,49,,,,false,,,,,,,,,1.5,false
59621775,Bic Lighters,070330600065,,Lighters,,,,Boston Whole Sale,Sales Floor - For Sale,31,2,3,2,,070330600065,,,,11/4/2025,,11/4/2025,,All enabled customer types,qty,,Qty,,,No,No,false,Yes,Yes,No,false,Yes,,,,,,,,,,,,,,,31,,,,false,,,,,,,,,0.6,false
28343405,Raw Cones 3pk,716165289920,,Rolling Papers,,,,Boston Whole Sale,Sales Floor - For Sale,31,3.5,3.5,3.5,,716165289920,,,,11/4/2025,,11/4/2025,,All enabled customer types,qty,Accessories,Qty,,,No,No,false,Yes,Yes,No,false,Yes,,,,,,,,,,,,,,,31,,,,false,,,,,,,,,1.5,false
79466903,Little Pipes,00049,,Glass Pipes,,,,Boston Whole Sale,Sales Floor - For Sale,6,6,6,6,,00049,,,false,11/4/2025,,11/4/2025,,All enabled customer types,qty,Accessories,Qty,,,No,No,false,Yes,Yes,No,false,Yes,,,,,,,0,,,,,,,,6,,,,false,,,,,,,,,3,false
61060309,Small Rasta Grinders,00047,,Grinders,,,,Boston Whole Sale,Sales Floor - For Sale,1,12,12,12,,00047,,,false,11/4/2025,,11/4/2025,,All enabled customer types,qty,Accessories,Qty,,,No,No,false,Yes,Yes,No,false,Yes,,,,,,,0,,,,,,,,1,,,,false,,,,,,,,,6,false
90959048,Medium Rolling Trays,00045,,Rolling Trays,,,,Boston Whole Sale,Sales Floor - For Sale,2,15,15,15,,00045,,,false,11/4/2025,,11/4/2025,,All enabled customer types,qty,,Qty,,,No,No,false,Yes,Yes,No,false,Yes,,,,,,,0,,,,,,,,2,,,,false,,,,,,,,,7,false
85320213,Mini Bongs,00050,,Bongs,,,,Boston Whole Sale,Sales Floor - For Sale,2,12,12,12,,00050,,,false,11/4/2025,,11/4/2025,,All enabled customer types,qty,bongs,Qty,,,No,No,false,Yes,Yes,No,false,Yes,,,,,,,0,,,,,,,,2,,,,false,,,,,,,,,6,false
40787025,Small Rolling Trays,00044,,Rolling Trays,,,,Boston Whole Sale,Sales Floor - For Sale,2,8,8,8,,00044,,,false,11/4/2025,,11/4/2025,,All enabled customer types,qty,,Qty,,,No,No,false,Yes,Yes,No,false,Yes,,,,,,,0,,,,,,,,2,,,,false,,,,,,,,,3.5,false
07152935,Big Grinders,00046,,Grinders,,,,Boston Whole Sale,Sales Floor - For Sale,2,16,16,16,,00046,,,false,11/4/2025,,11/4/2025,,All enabled customer types,qty,Accessories,Qty,,,No,No,false,Yes,Yes,No,false,Yes,,,,,,,0,,,,,,,,2,,,,false,,,,,,,,,7.5,false
55992154,Big Rasta Grinder,00048,,Grinders,,,,Boston Whole Sale,Sales Floor - For Sale,1,16,16,16,,00048,,,false,11/4/2025,,11/4/2025,,All enabled customer types,qty,Accessories,Qty,,,No,No,false,Yes,Yes,No,false,Yes,,,,,,,0,,,,,,,,1,,,,false,,,,,,,,,8,false
57754810,Advanced Cultivators | Truffle Popz | Preroll | 1g,1A40A030000CEA5000004577,Ready,Pre-Rolls,,1A40A030000CEA5000004577,Truffle Popz,Advanced Cultivators,Sales Floor - For Sale,178,10,10,10,,1A40A030000CEA5000004577,TestPassed,,,10/29/2025,,10/29/2025,,All enabled customer types,qty,Flower,Qty,1g,,Yes,No,false,Yes,Yes,No,false,Yes,,,,https://leaflogixmedia.blob.core.windows.net/product-image/58073bb8-e99f-4d79-b409-b28e0c621607.jpg,,,,,,,,,,,178,,,,false,,28.45 %,31.75 %,0.61 %,0.00 %,0.12 %,0.00 %,284.5,5,false
60736587,Advanced Cultivator | Eastie Rollz | Preroll | 1g,1A40A030000CEA5000004575,Ready,Pre-Rolls,,1A40A030000CEA5000004575,Boca Seca - Eastie Rollz,Advanced Cultivators,Sales Floor - For Sale,414,6,6,6,,1A40A030000CEA5000004575,TestPassed,,,10/29/2025,,10/29/2025,,All enabled customer types,qty,Flower,Qty,1g,,Yes,No,false,Yes,Yes,No,false,Yes,Eastie Rollz,,,https://leaflogixmedia.blob.core.windows.net/product-image/3d002996-3444-4a75-92c7-a7a32ed55fc2.jpg,,,,,,,,,,,414,,,,false,,18.70 %,21.50 %,0.00 %,0.00 %,0.00 %,0.00 %,187,2.5,false
09009809,Advanced Cultivators | Suave | Preroll | 1g,1A40A030000CEA5000004576,Ready,Pre-Rolls-1g,,1A40A030000CEA5000004576,Suave,Advanced Cultivators,Sales Floor - For Sale,155,10,10,10,,1A40A030000CEA5000004576,TestPassed,,,10/29/2025,,10/29/2025,,All enabled customer types,qty,Flower,Qty,1g,,Yes,No,false,Yes,Yes,No,false,Yes,Advanced Cultivators,,,https://leaflogixmedia.blob.core.windows.net/product-image/f501c7db-4d81-43db-a94d-752bbe3d7535.jpg,,,,,,,,,,,155,,,,false,,25.01 %,27.50 %,0.90 %,0.00 %,0.00 %,0.00 %,250.1,5,false
36354603,Advanced Cultivator | RS-1000 | Preroll | 1g,1A40A030000CEA5000004595,,Pre-Rolls,,1A40A030000CEA5000004595,RS-1000,Advanced Cultivators,Sales Floor - For Sale,34,10,10,10,,1A40A030000CEA5000004595,TestPassed,,false,10/28/2025,,10/28/2025,10/28/2025,All enabled customer types,qty,Flower,Qty,,,Yes,No,false,Yes,Yes,No,false,Yes,Advanced Cultivators,,,https://leaflogixmedia.blob.core.windows.net/product-image/9182b05c-0a2a-4a98-833c-4575ad6bef98.jpg,,,0,,,,,,,,34,,,,false,,24.30 %,26.70 %,1.10 %,0.00 %,0.00 %,0.00 %,243,5,false
59642470,Advanced Cultivator | RS-1000 | Flower | 3.5,1A40A030000CEA5000004573,,Flower,,1A40A030000CEA5000004573,RS-1000,Advanced Cultivators,Sales Floor - For Sale,47,40,40,40,,1A40A030000CEA5000004573,TestPassed,,false,10/28/2025,,10/28/2025,10/28/2025,All enabled customer types,qty,Flower,Qty,,,Yes,No,false,Yes,Yes,No,false,Yes,Advanced Cultivators,,,https://leaflogixmedia.blob.core.windows.net/product-image/4541bcd9-2b30-4239-92a7-8725d5fc5626.jpg,,,0,,,,,,,,47,,,,false,,24.30 %,26.70 %,1.10 %,0.00 %,0.00 %,0.00 %,850.5,20,false
83771032,Rove I Ice Packs I Infused I Sour Lime Haze I 1g,1A40A030000639D000064016,,1g - Infused - Prerolls,,1A40A030000639D000064016,Super Lime Haze,AMA Holdings LLC,Sales Floor - For Sale,14,24,24,24,,1A40A030000639D000064016,TestPassed,,false,10/15/2025,,10/15/2025,10/15/2025,All enabled customer types,qty,Flower,Qty,2.61g,,Yes,No,false,Yes,Yes,No,false,Yes,Rove,,,,,,0,,,,,,,,14,,,,false,,43.80 %,29.90 %,17.50 %,0.05 %,0.00 %,0.12 %,438,12,false
02306936,Rove | Ice Packs | Infused | Apple Fritter | 1 G,1A40A030000639D000064015,,1g - Infused - Prerolls,,1A40A030000639D000064015,Apple Fritter,AMA Holdings LLC,Sales Floor - For Sale,6,24,24,24,,1A40A030000639D000064015,TestPassed,,false,10/15/2025,,10/15/2025,10/15/2025,All enabled customer types,qty,Flower,Qty,2.61g,,Yes,No,false,Yes,Yes,No,false,Yes,Rove,,,,,,0,,,,,,,,6,,,,false,,42.60 %,31.50 %,15.00 %,0.07 %,0.05 %,0.08 %,426,12,false
25286917,Rove | Live Rosin Vape Reload | Pineapple Express | 1 G,1A40A030000639D000064009,,Cartridge 1000mg,,1A40A030000639D000064009,Pineapple Express,AMA Holdings LLC,Sales Floor - For Sale,5,56,56,56,,1A40A030000639D000064009,TestPassed,,false,10/15/2025,,10/15/2025,10/15/2025,All enabled customer types,qty,Vaporizer,Qty,,,Yes,No,false,Yes,Yes,No,false,Yes,Rove,,,,,,0,,,,,,,,5,,,,false,,94.10 %,0.67 %,93.50 %,0.00 %,0.00 %,0.28 %,941,28,false
61021955,Rove | Live Rosin Vape Reload | Maui Waui | 1 G,1A40A030000639D000064008,,Cartridge 1000mg,,1A40A030000639D000064008,Maui Waui,AMA Holdings LLC,Sales Floor - For Sale,1,56,56,56,,1A40A030000639D000064008,TestPassed,,false,10/15/2025,,10/15/2025,10/15/2025,All enabled customer types,qty,Vaporizer,Qty,,,Yes,No,false,Yes,Yes,No,false,Yes,Rove,,,,,,0,,,,,,,,1,,,,false,,95.00 %,3.99 %,91.50 %,0.00 %,0.00 %,0.30 %,950,28,false
83771032,Rove I Ice Packs I Infused I Sour Lime Haze I 1g,1A40A030000639D000064019,,1g - Infused - Prerolls,,1A40A030000639D000064019,Super Lime Haze,AMA Holdings LLC,Vault,10,24,24,24,,1A40A030000639D000064019,TestPassed,,,10/15/2025,,10/15/2025,10/15/2025,All enabled customer types,qty,Flower,Qty,2.61g,,Yes,No,false,Yes,Yes,No,false,Yes,Rove,,,,,,,,,,,,,,10,,,,false,,,,,,,,,12,false
64054857,Zapacka | Boca Seca | PreRoll | 1 g,1A40A030000CEA5000004430,Ready,Pre-Rolls-1g,,1A40A030000CEA5000004430,Boca Seca,Advanced Cultivators,Sales Floor - For Sale,57,7,7,7,,1A40A030000CEA5000004430,TestPassed,,,10/12/2025,,10/12/2025,,All enabled customer types,qty,Flower,Qty,,,Yes,No,false,Yes,Yes,No,false,Yes,Zapacka,,"Boca SecaStarry NightLimonene, Terpinene, Pinene, Myrcenea rare hybrid has more indica-dominant effects. It's a cross between the parents Trufflez X Runtz Those effects include deep body relaxation and sleepiness, though the high also includes euphoria and powerful happiness.",https://leaflogixmedia.blob.core.windows.net/product-image/8423b6d5-d3bf-40f0-a7b1-f716cb39f634.jpg,,,,,,,,,,,57,,,,false,,23.89 %,27.04 %,0.18 %,0.00 %,0.13 %,0.00 %,238.9,3.5,false
26990574,Zapacka | BrrBerry | Preroll | 1g,1A40A030000CEA5000004427,In Process,Pre-Rolls-1g,,2975,BrrBerry,Advanced Cultivators,Sales Floor - For Sale,58,7,7,7,,1A40A030000CEA5000004427,TestPassed,,,10/7/2025,5/7/2026,10/7/2025,10/7/2025,All enabled customer types,qty,Flower,Qty,1g,,Yes,No,false,Yes,Yes,No,false,Yes,Zapacka,,,https://leaflogixmedia.blob.core.windows.net/product-image/c3b5852b-f9d5-44bd-812b-a86d7668d26c.jpg,,,,,,,,,,,58,,,,false,,21.40 %,23.80 %,0.70 %,0.00 %,0.00 %,0.00 %,214,5,false
90275580,Advanced Cultivators | Truffle Popz | Preroll 5pk | 5x0.5g,1A40A030000CEA5000004431,Ready,Pre-Rolls,"Calm, Chill, Relaxation",8215,Truffle Popz,Advanced Cultivators,Sales Floor - For Sale,33,24,24,24,,1A40A030000CEA5000004431,TestPassed,,,10/7/2025,,10/7/2025,10/7/2025,All enabled customer types,qty,Flower,Qty,2.5g,,Yes,No,false,Yes,Yes,No,false,Yes,,,,https://leaflogixmedia.blob.core.windows.net/product-image/3e43bed7-c598-4a91-93dc-bbb78678cdd6.jpg,,,,,,,,,,,33,,,,false,,,,,,,,,12,false
34208498,Pride Packz I BrrBerry I Preroll I 1g,1A40A030000CEA5000004344,,Pre-Rolls,,1A40A030000CEA5000004344,BrrBerry,Advanced Cultivators,Sales Floor - For Sale,170,10,10,10,,1A40A030000CEA5000004344,TestPassed,,,9/26/2025,7/3/2026,9/26/2025,9/26/2025,All enabled customer types,qty,Flower,Qty,1g,,Yes,No,false,Yes,Yes,No,false,Yes,Pride Packz,,,https://leaflogixmedia.blob.core.windows.net/product-image/335548ac-99b8-45f1-bfdd-97e3dcd1309d.jpg,,,,,,,,,,,170,,,,false,,25.93 %,29.14 %,0.38 %,0.00 %,0.00 %,0.00 %,259.3,5,false
51581047,DOJA | Tongue Twister | Flower | 3.5g,1A40A030000BFCD000009477,,Flower,,1A40A030000BFCD000009477,Tongue Twister,Cedar Roots LLC,Sales Floor - For Sale,12,30,30,30,,,TestPassed,,,9/23/2025,,9/23/2025,,All enabled customer types,qty,Flower,Qty,3.5g,,Yes,No,false,Yes,Yes,No,false,Yes,DOJA,,,https://leaflogixmedia.blob.core.windows.net/product-image/964d2d60-751e-45dd-9ae4-a9616bf564e8.jpg,,,,,,,,,,,12,,,,false,,18.24 %,20.46 %,0.30 %,0.00 %,0.00 %,0.00 %,638.5,15,false
39926790,DOJA | D-Lish | Flower | 3.5g,1A40A030000BFCD000009514,,Flower,,1A40A030000BFCD000009514,D-Lish,Cedar Roots LLC,Sales Floor - For Sale,8,45,45,45,,1A40A030000BFCD000009514,TestPassed,,false,9/23/2025,,9/23/2025,9/23/2025,All enabled customer types,qty,Flower,Qty,3.5g,,Yes,No,false,Yes,Yes,No,false,Yes,DOJA,,,https://leaflogixmedia.blob.core.windows.net/product-image/3282286d-8cae-40ea-8fe4-b2d7b449c426.jpg,,,0,,,,,,,,8,,,,false,,26.63 %,29.92 %,0.40 %,0.00 %,0.00 %,0.00 %,932.2,22.5,false
42097293,Rove - 510 Thread - Multi-Voltage - Battery,752830269293,,Accessories,,,,AMA Holdings LLC,Sales Floor - For Sale,9,15,10,15,,752830269293,,,false,9/13/2025,,9/13/2025,,All enabled customer types,qty,Battery,Qty,,,No,No,false,Yes,Yes,No,false,Yes,Rove,,,https://leaflogixmedia.blob.core.windows.net/product-image/f3a2a743-b9ec-47e1-8ba3-c091fcf6b9e1.jpg,,,0,,,,,,,,9,,,,false,,,,,,,,,0,false
06616706,Zapacka I BrrBerry I Pre-ground 7g,1A40A030000CEA5000004210,,Flower,,1A40A030000CEA5000004210,BrrBerry,Advanced Cultivators,Sales Floor - For Sale,33,40,30,40,,1A40A030000CEA5000004210,TestPassed,,false,9/12/2025,9/12/2026,9/12/2025,9/12/2025,All enabled customer types,qty,Flower,Qty,7g,,Yes,No,false,Yes,Yes,No,false,Yes,Zapacka,,,https://leaflogixmedia.blob.core.windows.net/product-image/e48b281a-6e48-4b30-b20e-6d574b6cc002.jpg,,,0,,,,,,,,33,,,,false,,25.31 %,27.95 %,0.80 %,0.00 %,0.00 %,0.00 %,1771.7,10,false
73752393,Zapacka I BrrBerry I Flower 28g,1A40A030000CEA5000004208,,Flower,,1A40A030000CEA5000004208,BrrBerry,Advanced Cultivators,Sales Floor - For Sale,12,130,160,130,,1A40A030000CEA5000004208,TestPassed,,false,9/12/2025,9/12/2026,9/12/2025,9/12/2025,All enabled customer types,qty,Flower,Qty,,,Yes,No,false,Yes,Yes,No,false,Yes,Zapacka,,,https://leaflogixmedia.blob.core.windows.net/product-image/8a7f7c7b-1cfa-4324-b326-922fd70df6f5.jpg,,,0,,,,,,,,12,,,,false,,29.93 %,33.69 %,0.39 %,0.00 %,0.00 %,0.00 %,8380.4,80,false
62509690,Zapacka I Boca Seca I Flower 28g,1A40A030000CEA5000004207,,Flower,,1A40A030000CEA5000004207,No Strain,Advanced Cultivators,Sales Floor - For Sale,17,130,160,130,,1A40A030000CEA5000004207,TestPassed,,false,9/12/2025,9/12/2026,9/12/2025,9/12/2025,All enabled customer types,qty,Flower,Qty,,,Yes,No,false,Yes,Yes,No,false,Yes,Zapacka,,"Boca SecaStarry NightLimonene, Terpinene, Pinene, Myrcenea rare hybrid has more indica-dominant effects. It's a cross between the parents Trufflez X Runtz Those effects include deep body relaxation and sleepiness, though the high also includes euphoria and powerful happiness.",https://leaflogixmedia.blob.core.windows.net/product-image/6b3d1489-6281-4e13-ae4b-f7114e0eb10f.jpg,,,0,,,,,,,,17,,,,false,,27.11 %,30.63 %,0.24 %,0.00 %,0.10 %,0.00 %,7590.8,80,false
64088041,Advanced Cultivator Hats,00036,,Merch,,,,Advanced Cultivators,Sales Floor - For Sale,1,50,50,50,,00036,,,false,8/16/2025,,8/16/2025,,All enabled customer types,qty,,Qty,,,No,No,false,Yes,Yes,No,false,Yes,Advanced Cultivators,,,,,,0,,,,,,,,1,,,,false,,,,,,,,,25,false
99794608,Advanced Cultivator Gildan T shirt,00034,,Merch,,,,Advanced Cultivators,Sales Floor - For Sale,11,10,10,10,,00034,,,false,8/16/2025,,8/16/2025,,All enabled customer types,qty,,Qty,,,No,No,false,Yes,Yes,No,false,Yes,Advanced Cultivators,,,,,,0,,,,,,,,11,,,,false,,,,,,,,,3.5,false
72508576,Advanced Cultivator Limited Edition T shirts,00035,,Merch,,,,Advanced Cultivators,Sales Floor - For Sale,4,50,30,50,,00035,,,false,8/16/2025,,8/16/2025,,All enabled customer types,qty,,Qty,,,No,No,false,Yes,Yes,No,false,Yes,Advanced Cultivators,,,,,,0,,,,,,,,4,,,,false,,,,,,,,,10,false
35756122,Pride Packz | Taste The Rainbow | Preroll 3pk | 3x0.5g,1A40A030000CEA5000003892,,Pre-Rolls,,1A40A030000CEA5000003892,Taste The Rainbow,Advanced Cultivators,Sales Floor - For Sale,144,16,16,16,,1A40A030000CEA5000003892,TestPassed,,false,8/16/2025,8/16/2026,8/16/2025,8/16/2025,All enabled customer types,qty,Flower,Qty,1.5g,,Yes,No,false,Yes,Yes,No,false,Yes,Pride Packz,,,https://leaflogixmedia.blob.core.windows.net/product-image/08f24130-0454-4200-bb21-7f72f21a2170.jpg,,,0,,,,,,,,144,,,,false,,,,,,,,,8,false
39161176,CameFromRR Trucker Hats,00032,,Merch,,,,Came From RoadRunning,Sales Floor - For Sale,15,50,50,50,,00032,,,false,8/15/2025,,8/15/2025,,All enabled customer types,qty,,Qty,,,No,No,false,Yes,Yes,No,false,Yes,,,,,,,0,,,,,,,,15,,,,false,,,,,,,,,20,false
85593496,CameFromRR Zip Up Hoodie,00033,,Merch,,,,Came From RoadRunning,Sales Floor - For Sale,6,60,60,60,,00033,,,false,8/15/2025,,8/15/2025,,All enabled customer types,qty,,Qty,,,No,No,false,Yes,Yes,No,false,Yes,,,,,,,0,,,,,,,,6,,,,false,,,,,,,,,25,false
71466202,CameFromRR Sweatpants,00031,,Merch,,,,Came From RoadRunning,Sales Floor - For Sale,7,60,60,60,,00031,,,false,8/15/2025,,8/15/2025,,All enabled customer types,qty,,Qty,,,No,No,false,Yes,Yes,No,false,Yes,,,,,,,0,,,,,,,,7,,,,false,,,,,,,,,25,false
76154989,Breathe Free I Tongue Twister I 1g I Pre-roll,1A40A030000BFCD000008832,Ready,Pre-Rolls,,1A40A030000BFCD000008832,No Strain,Cedar Roots LLC,Sales Floor - For Sale,16,12,10,12,,1A40A030000BFCD000008832,TestPassed,,,8/15/2025,8/15/2026,8/15/2025,8/15/2025,All enabled customer types,qty,Flower,Qty,1g,,Yes,No,false,Yes,Yes,No,false,Yes,Breathe Free,,,https://leaflogixmedia.blob.core.windows.net/product-image/4f69791b-795f-4019-9545-52ff5bcc48b3.jpg,,,,,,,,,,,16,,,,false,,16.93 %,18.95 %,0.31 %,0.00 %,0.00 %,0.00 %,169.3,4,false
81884839,DOJA | Zelium | Flower | 3.5g,1A40A030000BFCD000008772,Ready,Flower,,1A40A030000BFCD000008772,Zelium,Cedar Roots LLC,Sales Floor - For Sale,6,45,45,45,,1A40A030000BFCD000008772,TestPassed,,,8/15/2025,8/15/2026,8/15/2025,8/15/2025,All enabled customer types,qty,Flower,Qty,3.5g,,Yes,No,false,Yes,Yes,No,false,Yes,DOJA,,,https://leaflogixmedia.blob.core.windows.net/product-image/f9bdab9d-8832-4ca0-9978-e31161a095b7.jpg,,,,,,,,,,,6,,,,false,,24.59 %,27.52 %,0.45 %,0.00 %,0.00 %,0.00 %,860.5,22.5,false
67877165,Breathe Free I White Lotus (BT) I 1g I Flower,1A40A030000BFCD000008904,Ready,Flower,,1A40A030000BFCD000008904,No Strain,Cedar Roots LLC,Vault,9,5,0.1,5,,1A40A030000BFCD000008904,TestPassed,,,8/15/2025,8/15/2026,8/15/2025,8/15/2025,All enabled customer types,qty,Flower,Qty,1g,,Yes,No,false,no,Yes,No,false,Yes,Breathe Free,,,,,,,,,,,,,,9,,,,false,,23.10 %,25.94 %,0.35 %,0.00 %,0.00 %,0.00 %,231,1,false
01361660,Penjamin Cart Pen,00030,,Battery,,,,Boston Wholesale Outlet,Sales Floor - For Sale,1,20,20,20,,00030,,,false,8/9/2025,,8/9/2025,,All enabled customer types,qty,Battery,Qty,,,No,No,false,Yes,Yes,No,false,Yes,,,,,,,0,,,,,,,,1,,,,false,,,,,,,,,10,false
07600460,Penjamin Car Key Cart Battery,00029,,Battery,,,,Boston Wholesale Outlet,Sales Floor - For Sale,1,20,20,20,,00029,,,false,8/9/2025,,8/9/2025,,All enabled customer types,qty,Battery,Qty,,,No,No,false,Yes,Yes,No,false,Yes,,,,,,,0,,,,,,,,1,,,,false,,,,,,,,,10,false
22907575,Color Dab Spoon,00024,,Dab Tools,,00024,No Strain,Boston Wholesale Outlet,Sales Floor - For Sale,10,6,6,6,,00024,,,false,7/12/2025,,7/12/2025,,All enabled customer types,qty,Accessories,Qty,,,No,No,false,Yes,Yes,No,false,Yes,,,,,,,0,,,,,,,,10,,,,false,,,,,,,,,0,false
75150506,Dab Spoon,00023,,Dab Tools,,00023,No Strain,Boston Wholesale Outlet,Sales Floor - For Sale,12,5,5,5,,00023,,,false,7/12/2025,,7/12/2025,,All enabled customer types,qty,Accessories,Qty,,,No,No,false,Yes,Yes,No,false,Yes,,,,,,,0,,,,,,,,12,,,,false,,,,,,,,,0,false
38136417,Blink Lighters,00022,,Glow Blocks,,00022,No Strain,Boston Wholesale Outlet,Sales Floor - For Sale,2,6,8,6,,00022,,,false,7/12/2025,,7/12/2025,,All enabled customer types,qty,Accessories,Qty,,,No,No,false,Yes,Yes,No,false,Yes,,,,,,,0,,,,,,,,2,,,,false,,,,,,,,,0,false
60880789,Raw Black King Slim Organic Hemp,716165291497,,Rolling Papers,,00019,No Strain,Boston Wholesale Outlet,Sales Floor - For Sale,31,3,3,3,,716165291497,,,,7/12/2025,,7/12/2025,,All enabled customer types,qty,Accessories,Qty,,,No,No,false,Yes,Yes,No,false,Yes,,,,,,,,,,,,,,,31,,,,false,,,,,,,,,0,false
52815067,RAW I Organic Hemp I 1 1/4 size,716165174172,,Rolling Papers,,00021,No Strain,Boston Wholesale Outlet,Sales Floor - For Sale,21,2,2,2,,716165174172,,,,7/12/2025,,7/12/2025,,All enabled customer types,qty,Accessories,Qty,,,No,No,false,Yes,Yes,No,false,Yes,,,,,,,,,,,,,,,21,,,,false,,,,,,,,,0,false
86296300,Classic Raw 1 1/4 size,716165177319,,Rolling Papers,,00017,No Strain,Boston Wholesale Outlet,Sales Floor - For Sale,5,2,2,2,,716165177319,,,,7/12/2025,,7/12/2025,,All enabled customer types,qty,Accessories,Qty,,,No,No,false,Yes,Yes,No,false,Yes,,,,,,,,,,,,,,,5,,,,false,,,,,,,,,0,false
57094543,Big Sharpstone Grinder,00014,,Grinders,,00014,No Strain,Boston Wholesale Outlet,Sales Floor - For Sale,1,20,20,20,,00014,,,false,7/12/2025,,7/12/2025,,All enabled customer types,qty,Accessories,Qty,,,No,No,false,Yes,Yes,No,false,Yes,,,,,,,0,,,,,,,,1,,,,false,,,,,,,,,0,false
55792266,Big Pipes,00012,,Glass Pipes,,00012,No Strain,Boston Wholesale Outlet,Sales Floor - For Sale,10,12,12,12,,00012,,,false,7/12/2025,,7/12/2025,,All enabled customer types,qty,Accessories,Qty,,,No,No,false,Yes,Yes,No,false,Yes,,,,,,,0,,,,,,,,10,,,,false,,,,,,,,,0,false
38213585,Medium Pipes,00011,,Glass Pipes,,00011,No Strain,Boston Wholesale Outlet,Sales Floor - For Sale,9,9,9,9,,00011,,,false,7/12/2025,,7/12/2025,,"Recreational, Medical",qty,Accessories,Qty,,,No,No,false,Yes,Yes,No,false,Yes,,,,,,,0,,,,,,,,9,,,,false,,,,,,,,,0,false
79466903,Little Pipes,00010,,Glass Pipes,,00010,No Strain,Boston Wholesale Outlet,Sales Floor - For Sale,3,6,6,6,,00010,,,false,7/12/2025,,7/12/2025,,"Recreational, Medical",qty,Accessories,Qty,,,No,No,false,Yes,Yes,No,false,Yes,,,,,,,0,,,,,,,,3,,,,false,,,,,,,,,0,false
79416002,WYLD | Gummies | Grapefruit 1:1:1 THC:CBG:CBC | 10pk,1A40A030000FF15000023802,,Edibles,,GF B17,No Strain,Diem Orange LLC,Sales Floor - For Sale,4,24,24,24,,1A40A030000FF15000023802,TestPassed,,false,7/11/2025,6/16/2026,7/1/2025,7/11/2025,All enabled customer types,qty,Edibles,Qty,5.67g,,Yes,No,false,Yes,Yes,No,false,Yes,WYLD,,,,,,0,,,,,,,,4,,,,false,,91.50 mg,,91.50 mg,,,,91.5,12,false
58214775,WYLD | Gummies | Grapefruit 1:1:1 THC:CBG:CBC | 10pk,1A40A030000FF15000023800,,Edibles,,GF B17,No Strain,Diem Orange LLC,Vault,18,20,20,20,,1A40A030000FF15000023800,TestPassed,,false,7/11/2025,6/16/2026,7/1/2025,7/11/2025,All enabled customer types,qty,Edibles,Qty,5.67g,,Yes,No,false,Yes,Yes,No,false,Yes,WYLD,,,,,,0,,,,,,,,18,,,,false,,91.50 mg,,91.50 mg,,,,91.5,0.01,false
00118051,WYLD | Gummies | Blood Orange 1:1 THC:CBC | 10pk,1A40A030000FF15000023434,,Edibles,,BO B15,No Strain,Diem Orange LLC,Sales Floor - For Sale,7,24,24,24,,1A40A030000FF15000023434,TestPassed,,false,7/11/2025,6/23/2026,7/1/2025,7/11/2025,All enabled customer types,qty,Edibles,Qty,5.67g,,Yes,No,false,Yes,Yes,No,false,Yes,WYLD,,,,,,0,,,,,,,,7,,,,false,,101.00 mg,0.00 mg,101.00 mg,0.00 mg,0.00 mg,0.00 mg,101,0.01,false
16569328,WYLD | Gummies | Pomegranate 1:1 THC:CBD | 10pk,1A40A030000FF15000023101,,Edibles,,POM B15,No Strain,Diem Orange LLC,Sales Floor - For Sale,5,20,20,20,,1A40A030000FF15000023101,TestPassed,,false,7/11/2025,6/13/2026,7/1/2025,7/11/2025,All enabled customer types,qty,Edibles,Qty,5.67g,,Yes,No,false,Yes,Yes,No,false,Yes,WYLD,,,,,,0,,,,,,,,5,,,,false,,97.60 mg,,97.60 mg,105.00 mg,,,97.6,0.01,false
85830028,WYLD | Gummies | Peach 2:1 CBD:THC | 10pk,1A40A030000FF15000023038,,Edibles,,PCH B12,No Strain,Diem Orange LLC,Sales Floor - For Sale,4,20,20,20,,1A40A030000FF15000023038,TestPassed,,false,7/11/2025,6/13/2026,7/1/2025,7/11/2025,All enabled customer types,qty,Edibles,Qty,5.67g,,Yes,No,false,Yes,Yes,No,false,Yes,,,,,,,0,,,,,,,,4,,,,false,,1.22 mg/g,0.00 mg/g,1.22 mg/g,2.61 mg/g,0.00 mg/g,0.00 mg/g,6.8,0.01,false
76694933,WYLD | Gummies | Strawberry 20:1 CBD:THC | 10pk,1A40A030000FF15000022916,,Edibles,,SB B15,No Strain,Diem Orange LLC,Sales Floor - For Sale,11,20,,20,,1A40A030000FF15000022916,TestPassed,,false,7/11/2025,6/16/2026,7/1/2025,7/11/2025,All enabled customer types,qty,Edibles,Qty,5.67g,,Yes,No,false,Yes,Yes,No,false,Yes,WYLD,,,,,,0,,,,,,,,11,,,,false,,10.60 mg,,10.60 mg,200.00 mg,,,10.6,0.01,false
66260566,WYLD | Gummies | Pear 1:1 THC:CBG | 10pk,1A40A030000FF15000022288,,Edibles,,PR B13,No Strain,Diem Orange LLC,Vault,20,0,,,,1A40A030000FF15000022288,TestPassed,,false,7/11/2025,6/6/2026,7/1/2025,7/11/2025,All enabled customer types,qty,Edibles,Qty,5.67g,,Yes,No,false,Yes,Yes,No,false,Yes,WYLD,,,,,,0,,,,,,,,20,,,,false,,91.90 mg,,91.90 mg,,,,91.9,0.01,false
80612946,WYLD | Gummies | Pear 1:1 THC:CBG | 10pk,1A40A030000FF15000022069,,Edibles,,PR B13,No Strain,Diem Orange LLC,Sales Floor - For Sale,6,24,24,24,,1A40A030000FF15000022069,TestPassed,,false,7/11/2025,6/6/2026,7/1/2025,7/11/2025,All enabled customer types,qty,Edibles,Qty,5.67g,,Yes,No,false,Yes,Yes,No,false,Yes,WYLD,,,,,,0,,,,,,,,6,,,,false,,91.90 mg,,91.90 mg,,,,91.9,12,false
80929218,WYLD | Gummies | Marionberry | 10pk,1A40A030000FF15000021494,,Edibles,,MB B12,No Strain,Diem Orange LLC,Sales Floor - For Sale,4,20,24,20,,1A40A030000FF15000021494,TestPassed,,,7/11/2025,5/27/2026,6/2/2025,7/11/2025,All enabled customer types,qty,Edibles,Qty,5.6g,,Yes,No,false,Yes,Yes,No,false,Yes,WYLD,,,,,,,,,,,,,,4,,,,false,,93.80 mg,,93.80 mg,,,,93.8,0.01,false
76545398,Display | Flower | 3.5g,1A40A030000BFCD000008122,,Flower,,TT-6544,Tongue Twister,Cedar Roots LLC,Vault,1,1,1,1,,1A40A030000BFCD000008122,TestPassed,,false,7/9/2025,4/8/2026,7/7/2025,7/9/2025,All enabled customer types,qty,Flower,Qty,3.5g,,Yes,No,false,Yes,Yes,No,false,Yes,,,,,,,0,,,,,,,,1,,,,false,,18.24 %,20.46 %,0.30 %,0.00 %,0.00 %,0.00 %,638.5,0.01,false
76545398,Display | Flower | 3.5g,1A40A030000BFCD000008123,,Flower,,DL-7727,D-Lish,Cedar Roots LLC,Vault,1,1,1,1,,1A40A030000BFCD000008123,TestPassed,,,7/9/2025,6/20/2026,7/7/2025,7/9/2025,All enabled customer types,qty,Flower,Qty,3.5g,,Yes,No,false,Yes,Yes,No,false,Yes,,,,,,,,,,,,,,,1,,,,false,,24.46 %,27.27 %,0.55 %,0.00 %,0.00 %,0.00 %,856.2,0.01,false
76545398,Display | Flower | 3.5g,1A40A030000BFCD000008121,,Flower,,Z-7726,Zelium,Cedar Roots LLC,Vault,1,1,1,1,,1A40A030000BFCD000008121,TestPassed,,,7/9/2025,6/20/2026,7/7/2025,7/9/2025,All enabled customer types,qty,Flower,Qty,3.5g,,Yes,No,false,Yes,Yes,No,false,Yes,,,,,,,,,,,,,,,1,,,,false,,26.28 %,29.52 %,0.39 %,0.00 %,0.00 %,0.00 %,919.8,0.01,false
76545398,Display | Flower | 3.5g,1A40A030000BFCD000008109,,Flower,,LCP-7868,Lemon Cherry Pie,Cedar Roots LLC,Vault,1,1,1,1,,1A40A030000BFCD000008109,TestPassed,,,7/9/2025,6/27/2026,7/7/2025,7/9/2025,All enabled customer types,qty,Flower,Qty,3.5g,,Yes,No,false,Yes,Yes,No,false,Yes,,,,,,,,,,,,,,,1,,,,false,,25.34 %,28.36 %,0.47 %,0.00 %,0.00 %,0.00 %,887,0.01,false
46199374,Advanced Cultivators | Suave | Flower | 3.5g,1A40A030000CEA5000003541,,Flower,,2724,Suave,Advanced Cultivators,Sales Floor - For Sale,93,40,40,40,,1A40A030000CEA5000003541,TestPassed,,,7/8/2025,3/25/2026,4/1/2025,7/8/2025,Recreational,qty,Flower,Qty,3.5g,,Yes,No,false,Yes,Yes,No,false,Yes,,,,https://leaflogixmedia.blob.core.windows.net/product-image/c5237ca3-b1d1-4b26-bceb-4c8048bc8311.jpg,,,,,,,,,,,93,,,,false,,30.81 %,33.74 %,1.22 %,0.00 %,0.00 %,0.00 %,1078.4,20,false
80930190,Advanced Cultivators | Truffle Popz | Flower | 3.5g,1A40A030000CEA5000003548,,Flower,,2713,Truffle Popz,Advanced Cultivators,Sales Floor - For Sale,108,45,45,45,,1A40A030000CEA5000003548,TestPassed,,false,7/8/2025,3/25/2026,4/1/2025,7/8/2025,Recreational,qty,Flower,Qty,3.5g,,Yes,No,false,Yes,Yes,No,false,Yes,Advanced Cultivators,,,https://leaflogixmedia.blob.core.windows.net/product-image/fce0cb79-0641-4faf-9c2b-2c59120c7dfd.jpg,,,0,,,,,,,,108,,,,false,,30.04 %,33.82 %,0.38 %,0.08 %,0.09 %,0.00 %,1051.4,20,false
44067090,Pride Packz | Taste The Rainbow | Flower | 3.5g,1A40A030000CEA5000003540,,Flower,,2116,Taste The Rainbow,Advanced Cultivators,Sales Floor - For Sale,27,25,40,25,,1A40A030000CEA5000003540,TestPassed,,,7/8/2025,1/23/2026,7/1/2025,7/8/2025,All enabled customer types,qty,Flower,Qty,3.5g,,Yes,No,false,Yes,Yes,No,false,Yes,Pride Packz,,,https://leaflogixmedia.blob.core.windows.net/product-image/d9098836-db83-41f6-b559-5a5f508b520a.jpg,,,,,,,,,,,27,,,,false,,26.85 %,29.83 %,0.68 %,0.06 %,0.07 %,0.00 %,939.8,20,false
88364057,Cheaks | Lip Gloss | Flower | 3.5g,1A40A030000CEA5000003537,,Flower,,2967,Lip Gloss,Advanced Cultivators,Sales Floor - For Sale,81,40,40,40,,1A40A030000CEA5000003537,TestPassed,,,7/8/2025,5/7/2026,7/1/2025,7/8/2025,All enabled customer types,qty,Flower,Qty,3.5g,,Yes,No,false,Yes,Yes,No,false,Yes,Cheaks,,,https://leaflogixmedia.blob.core.windows.net/product-image/f8bae4b3-5aa7-4f15-adbf-3d58e167b609.jpg,,,,,,,,,,,81,,,,false,,29.43 %,31.51 %,0.19 %,0.07 %,0.08 %,0.00 %,1030.1,22.5,false
20561967,Advanced Cultivators | Suave | Preroll 3pk | 3x0.5g,1A40A030000CEA5000003569,,Pre-Rolls,,2724,Suave,Advanced Cultivators,Sales Floor - For Sale,29,16,16,16,,1A40A030000CEA5000003569,TestPassed,,false,7/8/2025,3/25/2026,7/1/2025,7/8/2025,All enabled customer types,qty,Flower,Qty,1.5g,,Yes,No,false,Yes,Yes,No,false,Yes,Advanced Cultivators,,,https://leaflogixmedia.blob.core.windows.net/product-image/f3f42eea-b081-446f-9571-05a05cfeef77.jpg,,,0,,,,,,,,29,,,,false,,30.81 %,33.74 %,1.22 %,0.00 %,0.00 %,0.00 %,462.2,8,false
52322086,Advanced Cultivators | Truffle Popz | Preroll 3pk | 3x0.5g,1A40A030000CEA5000003575,,Pre-Rolls,,2713,Truffle Popz,Advanced Cultivators,Sales Floor - For Sale,56,16,16,16,,1A40A030000CEA5000003575,TestPassed,,false,7/8/2025,3/25/2026,7/1/2025,7/8/2025,All enabled customer types,qty,Flower,Qty,1.5g,,Yes,No,false,Yes,Yes,No,false,Yes,,,,https://leaflogixmedia.blob.core.windows.net/product-image/19a3f47c-ad3d-4895-8831-17f4f7e65d76.jpg,,,0,,,,,,,,56,,,,false,,30.04 %,33.82 %,0.38 %,0.08 %,0.09 %,0.00 %,450.6,8,false
15538134,Tical | Judgement Day | Preroll | 1g,1A40A030000CEA5000003573,,Pre-Rolls-1g,,2125,Judgement Day,Advanced Cultivators,Sales Floor - For Sale,52,12,12,12,,1A40A030000CEA5000003573,TestPassed,,false,7/8/2025,1/23/2026,7/1/2025,7/8/2025,All enabled customer types,qty,Flower,Qty,1g,,Yes,No,false,Yes,Yes,No,false,Yes,TICAL,,,,,,0,,,,,,,,52,,,,false,,30.26 %,33.27 %,1.08 %,0.07 %,0.08 %,0.00 %,302.6,6,false
03038174,Tical | Love Jones | Preroll | 1g,1A40A030000CEA5000003574,,Pre-Rolls-1g,,2117,Love Jones,Advanced Cultivators,Sales Floor - For Sale,72,12,12,12,,1A40A030000CEA5000003574,TestPassed,,false,7/8/2025,1/23/2026,7/1/2025,7/8/2025,All enabled customer types,qty,Flower,Qty,1g,,Yes,No,false,Yes,Yes,No,false,Yes,TICAL,,,,,,0,,,,,,,,72,,,,false,,26.73 %,29.73 %,0.65 %,0.06 %,0.07 %,0.00 %,267.3,6,false
00955662,Tical | Act Right | Preroll | 1g,1A40A030000CEA5000003571,,Pre-Rolls-1g,,1818,Act Right,Advanced Cultivators,Sales Floor - For Sale,65,12,12,12,,1A40A030000CEA5000003571,TestPassed,,false,7/8/2025,12/20/2025,7/1/2025,7/8/2025,All enabled customer types,qty,Flower,Qty,1g,,Yes,No,false,Yes,Yes,No,false,Yes,TICAL,,,,,,0,,,,,,,,65,,,,false,,26.31 %,28.84 %,1.02 %,0.00 %,0.00 %,0.00 %,263.1,6,false
04673857,Advanced Cultivators | Suave | Preroll 5pk | 5x0.5g,1A40A030000CEA5000003570,,Pre-Rolls,,2724,Suave,Advanced Cultivators,Sales Floor - For Sale,26,24,24,24,,1A40A030000CEA5000003570,TestPassed,,false,7/8/2025,3/25/2026,7/1/2025,7/8/2025,All enabled customer types,qty,Flower,Qty,2.5g,,Yes,No,false,Yes,Yes,No,false,Yes,Advanced Cultivators,,,https://leaflogixmedia.blob.core.windows.net/product-image/f205db17-e0da-415b-ad6e-14abac0f034a.jpg,,,0,,,,,,,,26,,,,false,,30.81 %,33.74 %,1.22 %,0.00 %,0.00 %,0.00 %,770.3,12,false
08261738,Tical | The Method | Flower | 3.5g,1A40A030000CEA5000003546,,Flower,,2119,The Method,Advanced Cultivators,Sales Floor - For Sale,83,20,40,20,,1A40A030000CEA5000003546,TestPassed,,,7/8/2025,1/23/2026,7/1/2025,7/8/2025,All enabled customer types,qty,Flower,Qty,3.5g,,Yes,No,false,Yes,Yes,No,false,Yes,TICAL,,,,,,,,,,,,,,83,,,,false,,23.01 %,25.46 %,0.69 %,0.00 %,0.00 %,0.00 %,805.4,22.5,false
28868018,Tical | Judgement Day | Flower | 3.5g,1A40A030000CEA5000003545,,Flower,,2125,Judgement Day,Advanced Cultivators,Sales Floor - For Sale,41,20,40,20,,1A40A030000CEA5000003545,TestPassed,,,7/8/2025,1/23/2026,7/1/2025,7/8/2025,All enabled customer types,qty,Flower,Qty,3.5g,,Yes,No,false,Yes,Yes,No,false,Yes,TICAL,,,,,,,,,,,,,,41,,,,false,,30.26 %,33.27 %,1.08 %,0.07 %,0.08 %,0.00 %,1059.1,22.5,false
60610020,Advanced Cultivators | UnCut Gem | Flower | 3.5g,1A40A030000CEA5000003549,,Flower,,2411,UnCut Gem,Advanced Cultivators,Sales Floor - For Sale,8,40,40,40,,1A40A030000CEA5000003549,TestPassed,,,7/8/2025,3/3/2026,4/1/2025,7/8/2025,All enabled customer types,qty,Flower,Qty,3.5g,,Yes,No,false,Yes,Yes,No,false,Yes,,,,https://leaflogixmedia.blob.core.windows.net/product-image/9a22465a-957c-4090-9db7-4b894b7a93cd.jpg,,,,,,,,,,,8,,,,false,,24.05 %,26.93 %,0.44 %,0.00 %,0.00 %,0.00 %,841.8,20,false
71606578,Tical | Love Jones | Flower | 3.5g,1A40A030000CEA5000003547,,Flower,,2117,Love Jones,Advanced Cultivators,Sales Floor - For Sale,35,20,40,20,,1A40A030000CEA5000003547,TestPassed,,,7/8/2025,1/23/2026,7/1/2025,7/8/2025,All enabled customer types,qty,Flower,Qty,3.5g,,Yes,No,false,Yes,Yes,No,false,Yes,TICAL,,,,,,,,,,,,,,35,,,,false,,26.73 %,29.73 %,0.65 %,0.06 %,0.07 %,0.00 %,935.6,22.5,false
47386900,Tical | Iron Lung | Flower | 3.5g,1A40A030000CEA5000003544,,Flower,,1947,Iron Lung,Advanced Cultivators,Sales Floor - For Sale,7,20,40,20,,1A40A030000CEA5000003544,TestPassed,,,7/8/2025,12/30/2025,7/1/2025,7/8/2025,All enabled customer types,qty,Flower,Qty,3.5g,,Yes,No,false,Yes,Yes,No,false,Yes,TICAL,,,,,,,,,,,,,,7,,,,false,,23.73 %,26.83 %,0.20 %,0.06 %,0.07 %,0.00 %,830.6,22.5,false
12940153,Advanced Cultivators | Truffle Popz | Blunt | 1.5g,1A40A030000CEA5000003579,,Blunt - 1.5g,,2713,Truffle Popz,Advanced Cultivators,Sales Floor - For Sale,24,20,20,20,,1A40A030000CEA5000003579,TestPassed,,false,7/8/2025,3/25/2026,7/1/2025,7/8/2025,All enabled customer types,qty,Flower,Qty,1.5g,,Yes,No,false,Yes,Yes,No,false,Yes,,,,https://leaflogixmedia.blob.core.windows.net/product-image/d19af39e-8deb-4c9d-bf41-cff56bb57313.jpg,,,0,,,,,,,,24,,,,false,,30.04 %,33.82 %,0.38 %,0.08 %,0.09 %,0.00 %,450.6,10,false
31732481,Advanced Cultivators | Suave | Blunt | 1.5g,1A40A030000CEA5000003578,,Blunt - 1.5g,,2724,Suave,Advanced Cultivators,Sales Floor - For Sale,13,20,20,20,,1A40A030000CEA5000003578,TestPassed,,,7/8/2025,3/25/2026,7/1/2025,7/8/2025,Recreational,qty,Flower,Qty,1.5g,,Yes,No,false,Yes,Yes,No,false,Yes,Advanced Cultivators,,,https://leaflogixmedia.blob.core.windows.net/product-image/05f6e37d-c7a8-4aa6-8c89-763d910b8e7b.jpg,,,,,,,,,,,13,,,,false,,30.81 %,33.74 %,1.22 %,0.00 %,0.00 %,0.00 %,462.2,10,false
26446162,Pride Packz | BrrBerry | Flower | 3.5g,1A40A030000CEA5000003539,,Flower,,2114,BrrBerry,Advanced Cultivators,Sales Floor - For Sale,10,40,40,40,,1A40A030000CEA5000003539,TestPassed,,,7/8/2025,1/23/2026,7/1/2025,7/8/2025,All enabled customer types,qty,Flower,Qty,3.5g,,Yes,No,false,yes,Yes,No,false,Yes,Pride Packz,,,,,,,,,,,,,,10,,,,false,,27.97 %,31.12 %,0.68 %,0.00 %,0.00 %,0.00 %,979,20,false
49099823,Jefmo | Cherry Mocha Latte | Flower | 3.5g,1A40A030000CEA5000003538,,Flower,,1941,Cherry Mocha Latte,Advanced Cultivators,Sales Floor - For Sale,2,30,30,30,,1A40A030000CEA5000003538,TestPassed,,,7/8/2025,12/31/2025,7/1/2025,7/8/2025,All enabled customer types,qty,Flower,Qty,3.5g,,Yes,No,false,Yes,Yes,No,false,Yes,JEFMO,,,https://leaflogixmedia.blob.core.windows.net/product-image/b082574c-2b46-4831-96da-d282713ab3ce.jpg,,,,,,,,,,,2,,,,false,,21.10 %,23.86 %,0.17 %,0.00 %,0.00 %,0.00 %,738.5,15,false
11854417,Cheaks | Lip Gloss | Preroll 5 pk | 5x0.75g,1A40A030000CEA5000003565,,Pre-Rolls,,2967,Lip Gloss,Advanced Cultivators,Vault,13,50,50,50,,1A40A030000CEA5000003565,TestPassed,,false,7/8/2025,5/7/2026,6/2/2025,7/8/2025,All enabled customer types,qty,Flower,Qty,3.75g,,Yes,No,false,Yes,Yes,No,false,Yes,Cheaks,,,,,,0,,,,,,,,13,,,,false,,29.43 %,31.51 %,0.19 %,0.07 %,0.08 %,0.00 %,1103.6,25,false
29890975,MPX | Papaya | Live Rosin | 0.5g,1A40A030000E809000007562,,Concentrate,,MAY4-07330,Papaya,"Mayflower Medicinals, Inc.",Sales Floor - For Sale,8,25,25,25,,1A40A030000E809000007562,TestPassed,,false,6/25/2025,5/12/2026,5/22/2025,6/25/2025,All enabled customer types,qty,Concentrate,Qty,2.835g,,Yes,No,false,Yes,Yes,No,false,Yes,MPX,,,,,,0,,,,,,,,8,,,,false,,76.36 %,79.01 %,7.08 %,0.00 %,0.00 %,0.00 %,381.8,12.5,false
56518466,MPX | Kashmere Kush | Live Rosin | 1g,1A40A030000E809000007540,,Concentrate,,A-R-KASH-05012025,Kashmere Kush,"Mayflower Medicinals, Inc.",Sales Floor - For Sale,19,45,45,45,,1A40A030000E809000007540,TestPassed,,,6/25/2025,5/13/2026,5/16/2025,6/25/2025,All enabled customer types,qty,Concentrate,Qty,5.67g,,Yes,No,false,Yes,Yes,No,false,Yes,MPX,,,,,,,,,,,,,,19,,,,false,,75.51 %,80.17 %,5.20 %,0.00 %,0.00 %,0.00 %,755.1,22.5,false
17372363,MPX | Hashburger | Live Rosin | 1g,1A40A030000E809000008180,,Concentrate,,A-R-HaBu-05202025,Hashburger,"Mayflower Medicinals, Inc.",Sales Floor - For Sale,21,45,45,45,,1A40A030000E809000008180,TestPassed,,,6/25/2025,5/28/2026,6/6/2025,6/25/2025,All enabled customer types,qty,Concentrate,Qty,5.67g,,Yes,No,false,Yes,Yes,No,false,Yes,MPX,,,,,,,,,,,,,,21,,,,false,,68.66 %,77.28 %,0.88 %,0.23 %,0.27 %,0.00 %,686.6,22.5,false
12316352,Treeworks | Tincture I Dream Drops,1A40A0300004A9D000034015,,Tinctures,,ZD 4.18.25,No Strain,Treeworks of Mass. LLC,Sales Floor - For Sale,17,50,50,50,,1A40A0300004A9D000034015,TestPassed,,false,6/24/2025,4/18/2026,5/1/2025,6/24/2025,All enabled customer types,qty,Concentrate,Qty,5.67g,,Yes,No,false,Yes,Yes,No,false,Yes,Treeworks,,,https://leaflogixmedia.blob.core.windows.net/product-image/908a7575-b582-4cba-a965-fc0d4dcb4f20.jpg,,,0,,,,,,,,17,,,,false,,300.00 mg,0.00 %,,0.00 %,0.00 %,300.00 mg,300,25,false
23805494,Treeworks | Tincture I Daily Drops,1A40A0300004A9D000033454,,Tinctures,,DD4.8.25,No Strain,Treeworks of Mass. LLC,Sales Floor - For Sale,13,70,70,70,,1A40A0300004A9D000033454,TestPassed,,false,6/24/2025,4/8/2026,5/1/2025,6/24/2025,All enabled customer types,qty,Concentrate,Qty,5.67g,,Yes,No,false,Yes,Yes,No,false,Yes,Treeworks,,,https://leaflogixmedia.blob.core.windows.net/product-image/c4d19a84-55de-4525-9242-944dffed9135.jpg,,,0,,,,,,,,13,,,,false,,1000.00 mg,0.00 %,,,0.00 %,0.00 %,1000,35,false
64185251,Treeworks | Live Rosin | Banana Melons | 1g,1A40A0300004A9D000035867,,Concentrate,,BM 6.10.25 Coldcure,Banana Melons,Treeworks of Mass. LLC,Sales Floor - For Sale,10,60,60,60,,1A40A0300004A9D000035867,TestPassed,,false,6/24/2025,6/10/2026,6/16/2025,6/24/2025,All enabled customer types,qty,Concentrate,Qty,5.67g,,Yes,No,false,Yes,Yes,No,false,Yes,Treeworks,,,https://leaflogixmedia.blob.core.windows.net/product-image/aca33521-aa8f-446e-a7d1-47bcdb529075.jpg,,,0,,,,,,,,10,,,,false,,78.09 %,87.57 %,1.29 %,0.00 %,0.00 %,0.00 %,780.9,27.5,false
42208684,Treeworks | Tincture | Jungle Drops,1A40A0300004A9D000035492,,Tinctures,,JD 5.23.25,No Strain,Treeworks of Mass. LLC,Sales Floor - For Sale,16,60,60,60,,1A40A0300004A9D000035492,TestPassed,,false,6/24/2025,6/2/2026,6/9/2025,6/24/2025,All enabled customer types,qty,Concentrate,Qty,5.67g,,Yes,No,false,Yes,Yes,No,false,Yes,,,,https://leaflogixmedia.blob.core.windows.net/product-image/daf5254e-6c18-4b94-a748-c32560a5bfee.jpg,,,0,,,,,,,,16,,,,false,,0.38 %,0.00 %,0.38 %,0.37 %,0.00 %,0.36 %,3.8,30,false
48881027,Loud | 100mg THC Shot | Maui Blast | 50mL,1A40A030000639D000055206,,Tinctures,,25050903DL,No Strain,AMA Holdings LLC,Sales Floor - For Sale,12,16,16,16,,1A40A030000639D000055206,TestPassed,,,6/24/2025,5/16/2026,6/2/2025,6/24/2025,All enabled customer types,qty,Concentrate,Qty,5.67g,,Yes,No,false,Yes,Yes,No,false,Yes,,,,https://leaflogixmedia.blob.core.windows.net/product-image/47eff12e-ff4c-4d9e-a540-f356cca99532.jpg,,,,,,,,,,,12,,,,false,,104.00 mg,0.00 mg,104.00 mg,0.00 mg,0.00 mg,0.00 mg,104,8,false
50476174,Loud | 100mg THC Shot | 2:1 Grape Crash | 50mL,1A40A030000639D000055207,,Tinctures,,25041105DL,No Strain,AMA Holdings LLC,Sales Floor - For Sale,8,16,16,16,,1A40A030000639D000055207,TestPassed,,,6/24/2025,4/18/2026,5/1/2025,6/24/2025,All enabled customer types,qty,Concentrate,Qty,5.67g,,Yes,No,false,Yes,Yes,No,false,Yes,,,,https://leaflogixmedia.blob.core.windows.net/product-image/9a84300c-1424-48d8-ae18-63aca72a7926.jpg,,,,,,,,,,,8,,,,false,,98.80 mg,,98.80 mg,,,52.90 mg,98.8,8,false
19302067,Rove | Ice Packs Infused Preroll | Maui Wowie | 1g,1A40A030000639D000055202,,1g - Infused - Prerolls,,25012903ICP1G,Maui Waui,AMA Holdings LLC,Sales Floor - For Sale,16,24,24,24,,1A40A030000639D000055202,TestPassed,,,6/24/2025,2/4/2026,3/3/2025,6/24/2025,All enabled customer types,qty,Flower,Qty,2.61g,,Yes,No,false,Yes,Yes,No,false,Yes,Rove,,,,,,,,,,,,,,16,,,,false,,40.20 %,23.50 %,19.60 %,0.07 %,0.00 %,0.08 %,402,12,false
88231366,Test Brand I Edibles I 100mg,00007,Ready,Edibles,Sleep Aid,00007,Test Strain,Test Vendor,Vault,5,20,20,20,,00007,,,,6/7/2025,,6/7/2025,,All enabled customer types,qty,Edibles,Qty,5.67g,,Yes,No,false,Yes,Yes,Yes,false,Yes,Test Brand,,,,,,,,,,,,,,5,,,,false,,,,,,,,,10,false
52179205,Test Brand | Test Strain | Live Rosin | 1g,00006,Ready,Live Rosin,Energetic,00006,Test Strain,Test Vendor,Vault,5,40,40,40,,00006,,,,6/7/2025,,6/7/2025,,All enabled customer types,qty,Concentrate,Qty,5.67g,,No,No,false,Yes,Yes,Yes,false,Yes,Test Brand,,,,,,,,,,,,,,5,,,,false,,,,,,,,,13,false
71759571,Test Brand | Blue Dream | Live Rosin | 1g,00001,Ready,Live Rosin,,00001,Test Blue Dream,Test Vendor,Vault,39,30,27.73,30,,00001,,,false,3/14/2025,,3/14/2025,,All enabled customer types,qty,Concentrate,Qty,5.67g,,Yes,No,false,Yes,Yes,Yes,false,Yes,Test Brand,,,,,,0,,,,,,,,39,,,,false,,,,,,,,,11,false
